-- phpMyAdmin SQL Dump
-- version 4.7.4
-- https://www.phpmyadmin.net/
--
-- Host: 127.0.0.1
-- Generation Time: Nov 28, 2018 at 07:09 PM
-- Server version: 10.1.28-MariaDB
-- PHP Version: 7.1.10

SET SQL_MODE = "NO_AUTO_VALUE_ON_ZERO";
SET AUTOCOMMIT = 0;
START TRANSACTION;
SET time_zone = "+00:00";


/*!40101 SET @OLD_CHARACTER_SET_CLIENT=@@CHARACTER_SET_CLIENT */;
/*!40101 SET @OLD_CHARACTER_SET_RESULTS=@@CHARACTER_SET_RESULTS */;
/*!40101 SET @OLD_COLLATION_CONNECTION=@@COLLATION_CONNECTION */;
/*!40101 SET NAMES utf8mb4 */;

--
-- Database: `blog`
--

-- --------------------------------------------------------

--
-- Table structure for table `blogs`
--

CREATE TABLE `blogs` (
  `id` int(10) UNSIGNED NOT NULL,
  `categoryId` int(11) NOT NULL,
  `blogTitle` varchar(255) COLLATE utf8mb4_unicode_ci NOT NULL,
  `authorName` varchar(255) COLLATE utf8mb4_unicode_ci NOT NULL,
  `shortDescription` longtext COLLATE utf8mb4_unicode_ci NOT NULL,
  `longDescription` longtext COLLATE utf8mb4_unicode_ci NOT NULL,
  `blogImage` varchar(255) COLLATE utf8mb4_unicode_ci NOT NULL,
  `publicationStatus` tinyint(4) NOT NULL,
  `hitCount` int(5) NOT NULL DEFAULT '0',
  `comment_count` int(5) NOT NULL DEFAULT '0',
  `created_at` timestamp NOT NULL DEFAULT CURRENT_TIMESTAMP ON UPDATE CURRENT_TIMESTAMP,
  `updated_at` timestamp NULL DEFAULT NULL
) ENGINE=InnoDB DEFAULT CHARSET=utf8mb4 COLLATE=utf8mb4_unicode_ci;

--
-- Dumping data for table `blogs`
--

INSERT INTO `blogs` (`id`, `categoryId`, `blogTitle`, `authorName`, `shortDescription`, `longDescription`, `blogImage`, `publicationStatus`, `hitCount`, `comment_count`, `created_at`, `updated_at`) VALUES
(1, 9, 'রাবাদা–পেরেরাকে টপকে যেতে পারবেন তাইজুল?', 'Masud', 'দুর্দান্ত রেকর্ডের হাতছানি তাঁর সামনে। বছরের সেরা উইকেটশিকারি হতে পারবেন কি না, এই প্রশ্নের উত্তর দিতে তাইজুল সুযোগ পাচ্ছেন মাত্র একটি টেস্ট। গত তিন টেস্টে যে বোলিংটা করেছেন মিরপুর টেস্টেও যদি ধরে রাখতে পারেন...', 'এর মধ্যে অ্যান্ডারসনের (৪৩) উইকেট সংখ্যা আর বাড়ছে না, এ বছর আর তাঁর ম্যাচ নেই। ২০১৮ সালে ৪৬ উইকেট পাওয়া রাবাদা একটি টেস্ট খেলার সুযোগ পাবেন। বক্সিং ডেতে সেঞ্চুরিয়নে পাকিস্তানের বিপক্ষে টেস্ট আছে দক্ষিণ আফ্রিকার। ইংল্যান্ডের বিপক্ষে কলম্বো টেস্টের দ্বিতীয় ইনিংসে ৫ উইকেট নিয়ে পেরেরার উইকেটও হয়ে গেছে ৪৬টি। আগামী ডিসেম্বরে নিউজিল্যান্ড সফরে পেরেরা পেতে পারেন আরও দুই টেস্ট খেলার সুযোগ।\r\n\r\nসেখানে তাইজুল পাবেন আর এক টেস্ট। বছরের সেরা হতে তাইজুলকে দুর্দান্ত বোলিং করতে হবে ওয়েস্ট ইন্ডিজের বিপক্ষে মিরপুর টেস্টে। গত ৩ টেস্টে ২৫ উইকেট তাইজুলের। যে ছন্দে আছেন, তাতে শীর্ষ উইকেটশিকারি হওয়ার সম্ভাবনা অবশ্যই আছে। কিন্তু রাবাদা-পেরেরাদের সমান সুযোগ পান না বলে তাঁর জন্য কাজটা হয়ে গেল বেশি কঠিন।', '', 1, 8, 4, '2018-11-28 14:44:26', NULL),
(2, 21, 'সোনাক্ষী প্রতারক!', 'Masud', 'মহা ঝামেলায় ফেঁসেছেন বলিউড তারকা সোনাক্ষী সিনহা। মুরাদাবাদের একটি বিউটি অ্যান্ড ফ্যাশন কোম্পানি এই বলিউড সুন্দরীর বিরুদ্ধে প্রতারণার মামলা দায়ের করেছে। প্রতিষ্ঠানটির কর্তৃপক্ষ অভিযোগ করেছে, সোনাক্ষী তাদের কাছ থেকে ২৮ লাখ রুপি নিয়ে ধোঁকা দিয়েছেন। তবে মামলায় এই বলিউড তারকার সঙ্গে আরও সাতজনের নাম রয়েছে।', 'ইন্ডিয়ান ফ্যাশন অ্যান্ড বিউটি অ্যাওয়ার্ড কোম্পানি দিল্লিতে এক পুরস্কার বিতরণী অনুষ্ঠান আয়োজন করে। এই অনুষ্ঠানে পুরস্কার তুলে দেওয়ার জন্য প্রতিষ্ঠানটি সোনাক্ষী সিনহাকে আমন্ত্রণ জানায়। চুক্তি অনুযায়ী প্রতিষ্ঠানটির কর্তৃপক্ষ সোনাক্ষী সিনহার ব্যাংক অ্যাকাউন্টে ২৮ লাখ রুপি জমা দেয়। এই অনুষ্ঠানে সোনাক্ষীসহ আরও সাতজনের অংশ নেওয়া কথা ছিল। তাঁদের ফ্লাইটের টিকিটও দেওয়া হয়। কিন্তু অনুষ্ঠানের দিন সোনাক্ষী সিনহার পক্ষ থেকে জানানো হয়, সকাল ১০টার বদলে বেলা ২টার ফ্লাইটের টিকিট কাটতে হবে। এর পর সোনাক্ষীসহ পাঁচজনের টিকিট পাওয়া যায়। বাকি দুজনের টিকিট পাওয়া যায়নি।\r\nএরপর সোনাক্ষী সিনহার ম্যানেজার মালাদিকা খুদে বার্তার মাধ্যমে প্রতিষ্ঠানটির কর্তৃপক্ষকে জানান, সোনাক্ষী সিনহা এই অনুষ্ঠানে অংশ নিতে পারবেন না। এই বলিউড সুন্দরীর হঠাৎ মত বদল হওয়ায় রীতিমতো বিপাকে পড়েন ইন্ডিয়ান ফ্যাশন অ্যান্ড বিউটি অ্যাওয়ার্ড কোম্পানির মালিক প্রমোদ শর্মা। তাঁকে তড়িঘড়ি অনুষ্ঠানটি বাতিল করতে হয়। আর অনুষ্ঠান বাতিল করার অভিযোগে প্রমোদ শর্মাকে পুলিশ গ্রেপ্তার করে। প্রয়োজনীয় কাগজ দেখিয়ে শেষ পর্যন্ত তিনি পুলিশ হেফাজত থেকে মুক্তি পান।\r\nইন্ডিয়ান ফ্যাশন অ্যান্ড বিউটি অ্যাওয়ার্ড কোম্পানির মালিক প্রমোদ শর্মা এবার সোনাক্ষী সিনহার কাছে ২৮ লাখ রুপি ফেরত চান। কিন্তু এই বলিউড তারকার কাছ থেকে সেই অর্থ তিনি ফেরত পাননি। প্রমোদ শর্মা অভিযোগ করেছেন, অর্থ ফেরত চাওয়ায় সোনাক্ষী সিনহার ম্যানেজার মালাদিকা খুদে বার্তার মাধ্যমে তাঁকে প্রাণনাশের হুমকি দেন। সোনাক্ষীসহ সাতজনের ফ্লাইটের টিকিট ছাড়াও তাঁদের জন্য হোটেল বুক করা হয়েছিল। আর্থিকভাবে আয়োজকদের প্রচুর ক্ষতি হয়েছে। তাই সোনাক্ষী সিনহাসহ বাকি সাতজনের বিরুদ্ধে প্রমোদ শর্মা প্রতারণার মামলা দায়ের করেছেন।', '', 1, 13, 0, '2018-11-27 20:36:18', NULL),
(3, 19, 'উত্তরাঞ্চলের সুবিধাবঞ্চিতদের ত্বকের সুস্থতায় ভ্যাসলিন', 'Masud', 'ভ্যাসলিন ২০১৬ সাল থেকে পরিচালনা করছে ‘ভ্যাসলিন হিলিং প্রজেক্ট’। সুবিধাবঞ্চিত এলাকার মানুষের ত্বকের সুস্থতা নিশ্চিত করার উদ্দেশ্যে এ প্রজেক্ট পরিচালিত হচ্ছে। প্রজেক্টের শুভেচ্ছাদূত অভিনেত্রী ও চিত্রশিল্পী বিপাশা হায়াত। ছবি: প্রেস বিজ্ঞপ্তি', 'সুবিধাবঞ্চিত এলাকার মানুষের ত্বকের সুস্থতায় এবারও সহযোগিতার হাত বাড়িয়েছে স্বনামধন্য ব্র্যান্ড ভ্যাসলিন। ত্বকের শুষ্কতা, ঠোঁট ফাটা, পা ফাটার মতো ছোটখাটো সমস্যাই সুবিধাবঞ্চিত এলাকার মানুষের জন্য হয়ে উঠতে পারে ভয়াবহ। এ ভাবনা থেকে ভ্যাসলিন ২০১৬ সাল থেকে পরিচালনা করছে ‘ভ্যাসলিন হিলিং প্রজেক্ট’। সুবিধাবঞ্চিত এলাকার মানুষের ত্বকের সুস্থতা নিশ্চিত করার উদ্দেশ্যেই পরিচালিত এই প্রজেক্টের অংশ হিসেবে ১৫ নভেম্বর বগুড়ায় এক সচেতনতামূলক অনুষ্ঠানের আয়োজন করা হয়।\r\n\r\nঅনুষ্ঠানে সুবিধাবঞ্চিত লোকজনের মধ্যে ভ্যাসলিন পেট্রোলিয়াম জেলি বিতরণ করা হয় এবং তাদের ত্বকসংক্রান্ত সমস্যা সমাধানে হেলথ ক্যাম্প গঠন করা হয়।\r\n\r\nইউনিলিভারের এ কার্যক্রমের এনজিও পার্টনার টিএমএসএসের পক্ষ থেকে আয়োজিত অনুষ্ঠানে যোগ দেন প্রজেক্টের শুভেচ্ছাদূত অভিনেত্রী ও চিত্রশিল্পী বিপাশা হায়াত। তিনি বলেন, ‘একজন অভিনেত্রী হিসেবে এ দেশের মানুষের কাছ থেকে যে ভালোবাসা পেয়েছি, তা থেকেই প্রতিনিয়ত তাদের জন্য কিছু করার তাগিদ অনুভব করি। ভ্যাসলিনের মহৎ এ উদ্যোগ আমাকে সুবিধাবঞ্চিতদের পাশে দাঁড়ানোর সুযোগ করে দিয়েছে। ত্বকের ছোটখাটো সমস্যা যেন বড় আকার ধারণ করতে না পারে, সে বিষয়ে সচেতনতা তৈরি করাই এ প্রজেক্টের উদ্দেশ্য।’\r\n\r\nইউনিলিভার বাংলাদেশ লিমিটেডের পক্ষ থেকে জানানো হয়, ‘ভ্যাসলিন হিলিং প্রজেক্টের মাধ্যমে গত দুই বছরের মতো এবারও উত্তরাঞ্চলের সুবিধাবঞ্চিত মানুষের ত্বকের সুস্থতার জন্য ভ্যাসলিন পেট্রোলিয়াম জেলি ডোনেট করার উদ্যোগ নেওয়া হয়েছে। ২০১৬ সালে ৫০ হাজার এবং ২০১৭ সালে ১ লাখ ৮০ হাজার ভ্যাসলিন পেট্রোলিয়াম জেলি বিতরণ করা হয়েছে। এবার প্রায় ২ লাখ মানুষের কাছে ভ্যাসলিন পৌঁছে দেওয়ার লক্ষ্যে কাজ চলছে। বাংলাদেশের একমাত্র ১০০ শতাংশ পিওর পেট্রোলিয়াম জেলি ভ্যাসলিনের সাধারণ একটি জার সুবিধাবঞ্চিত মানুষের জন্য হয়ে উঠবে অসাধারণ কিছু—এই আশায় কাজ করছে প্রতিষ্ঠানটি।\r\n\r\nটিএমএসএসের পক্ষ থেকে বলা হয়, ‘শীতপ্রবণ উত্তরাঞ্চলের সুবিধাবঞ্চিত মানুষদের দুর্ভোগ স্বাভাবিকভাবেই বেশি। তারা অন্ন, বস্ত্র নিয়ে চিন্তা করলেও ত্বকের সমস্যা নিয়ে কখনো ভাবার সুযোগ পায় না। ফলে তাদের ত্বকের ছোটখাটো সমস্যা অনেক সময় বড় রোগে পরিণত হয়। এসব বিষয়ে সচেতন করতে ইউনিলিভারের নেওয়া উদ্যোগের সঙ্গে থাকতে পেরে আমরা আনন্দিত।’\r\n\r\n‘ভ্যাসলিন হিলিং প্রজেক্ট’-এ সর্বসাধারণকে যুক্ত হওয়ার সুযোগ দিতে ভ্যাসলিন রাজধানীর বসুন্ধরা সিটি, ইউনিমার্ট ও যমুনা ফিউচার পার্কে কিওস্ক স্থাপন করেছে। এসব কিওস্কে ডোনেট করা ভ্যাসলিন পেট্রোলিয়াম জেলি টিএমএসএসের মাধ্যমে পৌঁছে যাবে সুবিধাবঞ্চিতদের কাছে।', 'public/blog_image/FsuZqQRRnfBvazHVXB54.jpg', 1, 0, 0, '2018-11-27 12:32:09', NULL),
(4, 22, 'আজও পুঁজিবাজারে কমেছে খুলনা পাওয়ারের দাম', 'Masud', 'অস্বাভাবিক উত্থানের পর টানা পতনে আবারও আগের অবস্থায় ফিরে গেছে খুলনা পাওয়ারের শেয়ারের দাম। আজ সোমবার দেশের প্রধান শেয়ারবাজার ঢাকা স্টক এক্সচেঞ্জে (ডিএসই) লেনদেন শেষে কোম্পানিটির শেয়ারের দর গতকালের চেয়ে ১ টাকা ৮০ পয়সা কমে দাঁড়িয়েছে ৬৬ টাকা ২০ পয়সা।', 'গতকাল রোববার ডিএসইতে কোম্পানিটির শেয়ারের দাম কমে দাঁড়ায় ৬৮ টাকায়। এতেই এটির শেয়ারের দাম ফিরে গেছে গত আগস্টের দামে। ডিএসইর তথ্য অনুযায়ী, গত ২৮ আগস্ট ডিএসইতে খুলনা পাওয়ারের শেয়ারের দাম ছিল ৭০ টাকা। সেখান থেকেই একটানা উত্থান শুরু হয় কোম্পানিটির শেয়ারের দাম। এক মাসেরও কম সময়ে প্রায় দ্বিগুণ বেড়ে ১৯ সেপ্টেম্বর খুলনা পাওয়ারের শেয়ারের দাম দাঁড়ায় ১৩৮ টাকায়। গত ১০ অক্টোবর এসে সেই দাম আরও খানিকটা বেড়ে প্রায় ১৪০ টাকায় ওঠে। এরপর একটানা দরপতন শুরু হয়। তাতে গতকাল দিন শেষে এ শেয়ারের দর অর্ধেকেরও বেশি কমে আগের অবস্থায় ফিরে আসে। অর্থাৎ যেখান থেকে উত্থান শুরু হয়েছিল, টানা পতনে সেখানেই আবার ফিরে এসেছে এটির দাম।\r\n\r\nঢাকার বাজারে গতকাল এক দিনেই খুলনা পাওয়ারের শেয়ারের দাম সাড়ে ১০ টাকা বা সাড়ে ১৩ শতাংশ কমেছে। মূলত রেকর্ড তারিখ পরবর্তী কার্যদিবসে শেয়ারের দামের সঙ্গে ঘোষিত বোনাস লভ্যাংশ সমন্বয়ের ফলে বড় ধরনের দরপতন ঘটে গতকাল। এ কারণে গতকাল ঢাকার বাজারে দরপতনের শীর্ষ পাঁচ কোম্পানির তালিকায় ছিল এটি। সর্বশেষ গত জুনে সমাপ্ত আর্থিক বছরের জন্য কোম্পানিটি ৪০ শতাংশ লভ্যাংশ ঘোষণা করে। তার মধ্যে ১০ শতাংশ ছিল বোনাস লভ্যাংশ। বাকি ৩০ শতাংশ নগদ। গতকাল রেকর্ড তারিখ পরবর্তী কার্যদিবসে কোম্পানিটির শেয়ারের দামের সঙ্গে ১০ শতাংশ বোনাস লভ্যাংশ সমন্বয় করা হয়। আজ কোম্পানিটির শেয়ারের দর কমেছে ২ দশমিক ৬৬ শতাংশ।\r\n\r\nআজ সপ্তাহের দ্বিতীয় কার্যদিবস প্রধান সূচক কিছুটা বেড়েছে ডিএসইতে। লেনদেন শেষে ডিএসইএক্স বেড়েছে ৩ পয়েন্ট। মোট লেনদেনের পরিমাণ ছিল ৬১৫ কোটি ৭৪ লাখ টাকা। গতকালের চেয়ে প্রায় ৪৬ কোটি টাকা বেশি। গতকাল লেনদেনের পরিমাণ ছিল ৫৬৯ কোটি টাকা। হাতবদল হওয়া শেয়ার ও মিউচুয়াল ফান্ডের মধ্যে দর বেড়েছে ১২৮টির, কমেছে ১৪০টির ও অপরিবর্তিত আছে ৬৪টির।', 'public/blog_image/UBUucU0tr0lSt5RcGR21.jpg', 1, 0, 0, '2018-11-27 13:43:42', NULL),
(5, 20, 'অস্ট্রেলিয়ার রাজ্য নির্বাচনে লেবার পার্টির জয়', 'Masud', 'অস্ট্রেলিয়ার ভিক্টোরিয়া রাজ্যে শুরু হয়েছে নির্বাচন। গত ২৪ নভেম্বর শুরু হওয়া এই নির্বাচনের পূর্ণ ফলাফল ঘোষণা হওয়ার আগেই জয় নিশ্চিত করেছে দেশটির বিরোধী দল লেবার পার্টির।', 'ভিক্টোরিয়া রাজ্য সরকার গঠন করতে মোট ৮৮ টি আসনের মধ্যে কোনো দলের ৪৫টি আসনে জয় প্রয়োজন। নির্বাচনে এখন পর্যন্ত ৫২ টি আসনে জয়লাভ করেছে লেবার পার্টি। ভিক্টোরিয়া রাজ্যে দেশটির বর্তমান জোট সরকারের লিবারেল ও ন্যাশনাল পার্টির একত্রে জয় এসেছে ২৪টি আসনে। আরও দুটি আসনে জয় রয়েছে অন্যান্য দলের। আরও ১০টি আসনের ভোট গণনা চলছে। রাজ্যের বর্তমান প্রিমিয়ার (মুখ্যমন্ত্রী) লেবার নেতা ড্যানিয়েল অ্যান্ড্রুস ইতিমধ্যেই জয় উদযাপন করছেন।\r\n\r\nঅস্ট্রেলিয়ার সবচেয়ে বড় দুটি রাজ্যের একটি ভিক্টোরিয়া। কোন দল আসবে ক্ষমতায় এই রাজ্যের নির্বাচনে এমনটা অনুমান করা সব সময়ই বেশ মুশকিল। ১৯২৪ থেকে ১৯৫৫ সালের মধ্যে কোনো দল পরপর দুবার নির্বাচনে জেতেনি। এরপর কখনো লিবারেল আবার কখনো লেবার দল অপ্রত্যাশিত জয়ে ক্ষমতায় এসেছে।\r\n\r\nভিক্টোরিয়া রাজ্যে ড্যানিয়েল অ্যান্ড্রুস ২০১৪ সালের নির্বাচনে জয়ের পর মুখ্যমন্ত্রী হিসেবে নিযুক্ত হয়। এবারও তিনিই মুখ্যমন্ত্রী হচ্ছেন। অস্ট্রেলিয়ার আরেকটি রাজ্য নিউ সাউথ ওয়েলস এ নির্বাচন হবে আগামী বছরের মার্চে। দেশটির জাতীয় নির্বাচন আগামী বছরের মে মাসে অনুষ্ঠিত হওয়ার কথা রয়েছে।', 'public/blog_image/X51EOl2YF6rNndOlrIw5.jpg', 1, 1, 0, '2018-11-28 16:49:38', NULL),
(6, 19, 'সরকারি সুবিধাভোগীরা প্রটোকল ব্যবহার করতে পারবেন না', 'Masud', 'মনোনয়নপত্র জমা দেওয়ার সময় সাতজনের বেশি লোক থাকা যাবে না বলে প্রার্থীদের স্মরণ করিয়ে দিলেন নির্বাচন কমিশন (ইসি) সচিবালয়ের সচিব হেলালুদ্দীন আহমদ। তিনি বলেছেন, এ সময় কোনো ধরনের শো-ডাউন বা মিছিল করলেই আচরণবিধি লঙ্ঘনের দায়ে ব্যবস্থা নেওয়া হবে।', 'আজ মঙ্গলবার ইসির মিডিয়া সেন্টারে ব্রিফিংয়ে হেলালুদ্দীন সাংবাদিকদের এ কথা বলেন। তিনি আরও বলেন, মনোনয়নপত্র জমা দেওয়ার সময় সরকারি সুবিধাভোগী ব্যক্তিরা কোনো ধরনের প্রটোকল ব্যবহার করতে পারবেন না। \r\nইসির ঘোষিত তফসিল অনুযায়ী আগামীকাল ২৮ নভেম্বর শেষ হচ্ছে মনোনয়নপত্র জমার শেষ দিন। মনোনয়নপত্র বাছাই হবে ২ ডিসেম্বর এবং প্রত্যাহারের শেষ সময় ৯ ডিসেম্বর। ভোট গ্রহণ হবে ৩০ ডিসেম্বর। \r\nইসি সচিব বলেন, ‘মনোনয়নপত্র জমার সময় কোনো মিছিল শোভাযাত্রা করা যাবে না। কেউ করলে তাঁর বিরুদ্ধে আইনানুগ ব্যবস্থা নেওয়া হবে। বাস-ট্রাক যানবাহন, মোটরসাইকেল শোভাযাত্রা বা মিছিল করা যাবে না। ইতিমধ্যে অনেকে শোভাযাত্রা করার চেষ্টা করেছেন, রিটার্নিং অফিসারকে বলে দিয়েছি যেন আইনানুগ ব্যবস্থা নেন।’ \r\nএক প্রশ্নের জবাবে সচিব জানান, পতাকাসহ গাড়ি নিয়ে মন্ত্রী-এমপিরা মনোনয়নপত্র জমা দিতে যেতে পারবেন না। কেউ নির্বাচনে অংশগ্রহণ করার জন্য নিজ এলাকায় গেলে পতাকা নামিয়ে ব্যক্তিগত গাড়ি নিয়ে যেতে হবে। আচরণবিধি প্রতিপালনে যথাযথ ব্যবস্থা নিতে রিটার্নিং অফিসার, নির্বাহী হাকিমসহ আইনশৃঙ্খলা রক্ষাকারী বাহিনীকে নির্দেশনা দেওয়া হয়েছে। ইলেকটোরাল এনকোয়রি কমিটিও করা হয়েছে। তাঁরাও বিষয়গুলো দেখেবন।', 'public/blog_image/JV2HuG4vwQIWLBefg7dW.jpg', 1, 44, 3, '2018-11-28 14:20:52', NULL),
(7, 19, 'চতুর্দশ শিক্ষক নিবন্ধনের ফল প্রকাশ', 'Masud', 'চতুর্দশ শিক্ষক নিবন্ধন পরীক্ষার চূড়ান্ত ফল আজ মঙ্গলবার প্রকাশিত হয়েছে। বেসরকারি শিক্ষক নিবন্ধন ও প্রত্যয়ন কর্তৃপক্ষের (এনটিআরসিএ) ওয়েবসাইটে ফল প্রকাশ করা হয়।', '(http://ntrca.teletalk.com.bd/result/index.php) প্রবেশ করে রোল নম্বর টাইপ করে পরীক্ষার ফলাফল জানা যাবে । এ ছাড়া উত্তীর্ণ প্রার্থীদের টেলিটক থেকে এসএমএসের মাধ্যমেও ফল জানিয়ে দেওয়া হচ্ছে।\r\n\r\nগত ২৪ জুন থেকে শুরু হয়ে ৯ আগস্ট পর্যন্ত চতুর্দশ শিক্ষক নিবন্ধনের মৌখিক পরীক্ষা শেষ হয়। লিখিত পরীক্ষায় ১৯ হাজার ৮৬৩ প্রার্থী উত্তীর্ণ হন। আর ১৮ হাজার ৭০৯ জন প্রার্থী মৌখিক পরীক্ষায় অংশ নেন।\r\n\r\nগত বছরের ৮ ও ৯ ডিসেম্বর ঢাকা, রংপুর, রাজশাহী, খুলনা, চট্টগ্রাম, বরিশাল, সিলেট ও ময়মনসিংহ—এ আটটি বিভাগীয় শহরে চতুর্দশ শিক্ষক নিবন্ধনের লিখিত পরীক্ষা অনুষ্ঠিত হয়। ২৩ এপ্রিল লিখিত পরীক্ষার ফল প্রকাশিত হয়।\r\n\r\n২০১৭ সালের আগস্টে চতুর্দশ বেসরকারি শিক্ষক নিবন্ধনের প্রিলিমিনারি পরীক্ষা অনুষ্ঠিত হয়। ৩১ অক্টোবর প্রিলিমিনারি পরীক্ষার ফল প্রকাশ হয়। পাসের হার ছিল ২৬ দশমিক ০২ শতাংশ।', 'public/blog_image/lBapnC9cZG4KZniUaYqS.jfif', 1, 10, 5, '2018-11-28 14:44:21', NULL),
(8, 19, 'ভোটের মাঠ ছাড়বেন না হিরো আলম', 'Masud', 'জাতীয় পার্টির (জাপা) মনোনয়ন না পেলেও নির্বাচনে লড়বেন বলে জানিয়েছেন বগুড়ার হিরো আলম।‌ সে ক্ষেত্রে স্বতন্ত্র প্রার্থী হিসেবে নির্বাচন করবেন তিনি। এ জন্য বগুড়া-৪ (কাহালু-নন্দীগ্রাম) আসনের মনোনয়নপত্রও তুলেছেন তিনি।', 'সামাজিক যোগাযোগমাধ্যমে বহুল আলোচিত হিরো আলম। কাল বুধবার মনোনয়নপত্র জমা দেওয়ার শেষ দিন। হিরো আলম প্রথম আলোকে বলেন, বুধবার নন্দীগ্রাম উপজেলা পরিষদের সহকারী রিটার্নিং কর্মকর্তা ও ইউএনও শারমিন আকতারের কাছে মনোনয়নপত্র জমা দেবেন।\r\n\r\nআওয়ামী লীগের নেতৃত্বাধীন মহাজোটের অন্যতম শরিক দল এইচ এম এরশাদের দল জাতীয় পার্টি। এখনো পর্যন্ত আওয়ামী লীগের সঙ্গে দলটির আসন সমঝোতা হয়নি। এরই মধ্যে জাপা গণমাধ্যমে ৪৭ প্রার্থীর তালিকা দিয়েছে। সেই তালিকায় হিরো আলমের নাম নেই।\r\n\r\nএ বিষয়ে জানতে চাইলে হিরো আলম মঙ্গলবার সন্ধ্যায় মুঠোফোনে প্রথম আলোকে বলেন, ‘জাতীয় পার্টি থেকে দলীয় মনোনয়ন চেয়েছি। এখনো মনোনয়নের সেই আশা শেষ হয়ে যায়নি। তবু কোনো কারণে দলীয় মনোনয়ন না পেলেও নির্বাচনী মাঠ ছাড়ব না। স্বতন্ত্র প্রার্থী হয়েই শেষ পর্যন্ত লড়ব। হিরো আলম কথা দিলে কথা রাখে। নির্বাচনের যখন ঘোষণা দিয়েছি, ফলাফল ঘোষণা পর্যন্তই মাঠে থাকব।’\r\n\r\n২০১৬ সালে হিরো আলম সামাজিক যোগাযোগমাধ্যমে ঝড় তোলেন। বাংলাদেশের গণমাধ্যমের শিরোনাম হন তিনি। ভারতের সামাজিক যোগাযোগমাধ্যমে ব্যাপক আলোচিত হন তিনি। ভারতীয় সংবাদমাধ্যমও তাঁকে নিয়ে প্রতিবেদন ছাপা হয়।\r\n\r\nহিরো আলমের সঙ্গে ছবি তুলে ক্রিকেটার মুশফিকুর রহিম ছবি তুলে ফেসবুকে প্রকাশ করায় বিবিসি হিন্দি, জি নিউজ, এনডিটিভি, ডেইলি ভাস্কর, মিডডের মতো ভারতের প্রথম সারির সংবাদমাধ্যমগুলো তাঁকে নিয়ে প্রতিবেদন করে। সেখানে হিরো আলমকে বাংলাদেশের বিনোদনজগতের তারকা বলে উল্লেখ করা হয়।\r\n\r\nফেসবুকে হিরো আলমের রেকর্ড অনুসারীর ভিত্তিতে গুগল তথ্য প্রকাশ করে বলিউড নায়ক সালমান খানের চেয়েও হিরো আলমকে গুগলে বেশিবার খোঁজা হয়েছে। আল্টিমেট ইন্ডিয়ার বরাত দিয়ে ইউএনবির খবরে বলা হয়েছে, গুগলে কাকে সবচেয়ে বেশিবার খোঁজা হয়, তার একটি তালিকা করে ইয়াহু ইন্ডিয়া। জরিপে দেখা গেছে,‘সুলতান’ ও ‘দাবাং’ তারকা খ্যাত সালমান খানকে পেছনে ফেলেছেন হিরো আলম। সালমানের চেয়েও বেশিবার খোঁজা হয়েছে হিরো আলমকে।', 'public/blog_image/XZbzsNPpTtzDuBdwkd6Z.jfif', 1, 49, 3, '2018-11-28 15:36:08', NULL);

-- --------------------------------------------------------

--
-- Table structure for table `categories`
--

CREATE TABLE `categories` (
  `id` int(10) UNSIGNED NOT NULL,
  `categoryName` varchar(255) COLLATE utf8mb4_unicode_ci NOT NULL,
  `categoryDescription` text COLLATE utf8mb4_unicode_ci NOT NULL,
  `publicationStatus` tinyint(4) NOT NULL,
  `created_at` timestamp NULL DEFAULT NULL,
  `updated_at` timestamp NULL DEFAULT NULL
) ENGINE=InnoDB DEFAULT CHARSET=utf8mb4 COLLATE=utf8mb4_unicode_ci;

--
-- Dumping data for table `categories`
--

INSERT INTO `categories` (`id`, `categoryName`, `categoryDescription`, `publicationStatus`, `created_at`, `updated_at`) VALUES
(9, 'খেলা', 'খেলা', 1, NULL, NULL),
(19, 'বাংলাদেশ', 'বাংলাদেশ', 1, NULL, NULL),
(20, 'আন্তর্জাতিক', 'আন্তর্জাতিক', 1, NULL, NULL),
(21, 'বিনোদন', 'বিনোদন', 1, NULL, NULL),
(22, 'অর্থনীতি', 'অর্থনীতি', 1, NULL, NULL);

-- --------------------------------------------------------

--
-- Table structure for table `comments`
--

CREATE TABLE `comments` (
  `comments_id` int(10) UNSIGNED NOT NULL,
  `user_id` int(11) NOT NULL,
  `blog_id` int(11) NOT NULL,
  `comments` text COLLATE utf8mb4_unicode_ci NOT NULL,
  `commentsPublicationStatus` tinyint(4) NOT NULL DEFAULT '0',
  `created_at` timestamp NOT NULL DEFAULT CURRENT_TIMESTAMP ON UPDATE CURRENT_TIMESTAMP,
  `updated_at` timestamp NULL DEFAULT NULL
) ENGINE=InnoDB DEFAULT CHARSET=utf8mb4 COLLATE=utf8mb4_unicode_ci;

--
-- Dumping data for table `comments`
--

INSERT INTO `comments` (`comments_id`, `user_id`, `blog_id`, `comments`, `commentsPublicationStatus`, `created_at`, `updated_at`) VALUES
(11, 14, 8, 'সালমানের চেয়েও বেশিবার খোঁজা হয়েছে হিরো আলমকে।', 1, '2018-11-28 14:19:11', NULL),
(12, 14, 8, 'Ostir Obsta :)', 1, '2018-11-28 14:19:09', NULL),
(13, 14, 8, 'Kopa Chamsu =D', 1, '2018-11-28 14:28:26', NULL),
(14, 14, 6, 'ভোট গ্রহণ হবে ৩০ ডিসেম্বর।', 1, '2018-11-28 14:28:14', NULL),
(15, 14, 6, 'তাঁরাও বিষয়গুলো দেখেবন।', 1, '2018-11-28 14:28:08', NULL),
(16, 14, 6, 'রিটার্নিং অফিসারকে বলে দিয়েছি যেন আইনানুগ ব্যবস্থা নেন।', 1, '2018-11-28 14:28:02', NULL),
(17, 14, 1, 'গত ৩ টেস্টে ২৫ উইকেট তাইজুলের।', 1, '2018-11-28 14:27:55', NULL),
(18, 14, 1, 'তাতে শীর্ষ উইকেটশিকারি হওয়ার সম্ভাবনা অবশ্যই আছে', 1, '2018-11-28 14:27:48', NULL),
(19, 14, 1, 'গত তিন টেস্টে যে বোলিংটা করেছেন মিরপুর টেস্টেও যদি ধরে রাখতে পারেন...', 1, '2018-11-28 14:27:35', NULL),
(20, 14, 1, 'Well played taijul :)', 1, '2018-11-28 14:27:18', NULL),
(21, 14, 7, '১৮ হাজার ৭০৯ জন প্রার্থী মৌখিক পরীক্ষায় অংশ নেন', 1, '2018-11-28 14:26:51', NULL),
(22, 14, 7, 'ত ২৪ জুন থেকে শুরু হয়ে ৯ আগস্ট পর্যন্ত চতুর্দশ শিক্ষক নিবন্ধনের মৌখিক পরীক্ষা শেষ হয়', 1, '2018-11-28 14:26:48', NULL),
(23, 14, 7, '৩১ অক্টোবর প্রিলিমিনারি পরীক্ষার ফল প্রকাশ হয়', 1, '2018-11-28 14:26:45', NULL),
(24, 14, 7, 'পাসের হার ছিল ২৬ দশমিক ০২ শতাংশ', 1, '2018-11-28 14:27:22', NULL),
(25, 14, 7, '(http://ntrca.teletalk.com.bd/result/index.php)', 1, '2018-11-28 14:26:38', NULL);

-- --------------------------------------------------------

--
-- Table structure for table `login`
--

CREATE TABLE `login` (
  `id` int(10) UNSIGNED NOT NULL,
  `email` varchar(255) COLLATE utf8mb4_unicode_ci NOT NULL,
  `password` varchar(255) COLLATE utf8mb4_unicode_ci NOT NULL,
  `created_at` timestamp NULL DEFAULT NULL,
  `updated_at` timestamp NULL DEFAULT NULL
) ENGINE=InnoDB DEFAULT CHARSET=utf8mb4 COLLATE=utf8mb4_unicode_ci;

-- --------------------------------------------------------

--
-- Table structure for table `migrations`
--

CREATE TABLE `migrations` (
  `id` int(10) UNSIGNED NOT NULL,
  `migration` varchar(255) COLLATE utf8mb4_unicode_ci NOT NULL,
  `batch` int(11) NOT NULL
) ENGINE=InnoDB DEFAULT CHARSET=utf8mb4 COLLATE=utf8mb4_unicode_ci;

--
-- Dumping data for table `migrations`
--

INSERT INTO `migrations` (`id`, `migration`, `batch`) VALUES
(1, '2014_10_12_000000_create_users_table', 1),
(2, '2014_10_12_100000_create_password_resets_table', 1),
(3, '2018_11_24_134442_create_posts_table', 2),
(4, '2018_11_26_112738_create_categories_table', 3),
(5, '2018_11_26_113138_create_categories_table', 4),
(6, '2018_11_27_093535_create_blogs_table', 5),
(7, '2018_11_27_175811_create_register_table', 6),
(8, '2018_11_27_180118_create_login_table', 6),
(9, '2018_11_28_102052_create_comments_table', 7);

-- --------------------------------------------------------

--
-- Table structure for table `password_resets`
--

CREATE TABLE `password_resets` (
  `email` varchar(100) COLLATE utf8mb4_unicode_ci NOT NULL,
  `token` varchar(255) COLLATE utf8mb4_unicode_ci NOT NULL,
  `created_at` timestamp NULL DEFAULT NULL
) ENGINE=InnoDB DEFAULT CHARSET=utf8mb4 COLLATE=utf8mb4_unicode_ci;

-- --------------------------------------------------------

--
-- Table structure for table `register`
--

CREATE TABLE `register` (
  `id` int(10) UNSIGNED NOT NULL,
  `name` varchar(255) COLLATE utf8mb4_unicode_ci NOT NULL,
  `email` varchar(255) COLLATE utf8mb4_unicode_ci NOT NULL,
  `phone` varchar(255) COLLATE utf8mb4_unicode_ci NOT NULL,
  `password` varchar(255) COLLATE utf8mb4_unicode_ci NOT NULL,
  `created_at` timestamp NULL DEFAULT NULL,
  `updated_at` timestamp NULL DEFAULT NULL
) ENGINE=InnoDB DEFAULT CHARSET=utf8mb4 COLLATE=utf8mb4_unicode_ci;

--
-- Dumping data for table `register`
--

INSERT INTO `register` (`id`, `name`, `email`, `phone`, `password`, `created_at`, `updated_at`) VALUES
(14, 'Masud', 'localhost@gmail.com', '124435', 'samit0713', NULL, NULL);

-- --------------------------------------------------------

--
-- Table structure for table `users`
--

CREATE TABLE `users` (
  `id` int(10) UNSIGNED NOT NULL,
  `name` varchar(255) COLLATE utf8mb4_unicode_ci NOT NULL,
  `email` varchar(100) COLLATE utf8mb4_unicode_ci NOT NULL,
  `email_verified_at` timestamp NULL DEFAULT NULL,
  `password` varchar(255) COLLATE utf8mb4_unicode_ci NOT NULL,
  `remember_token` varchar(100) COLLATE utf8mb4_unicode_ci DEFAULT NULL,
  `created_at` timestamp NULL DEFAULT NULL,
  `updated_at` timestamp NULL DEFAULT NULL
) ENGINE=InnoDB DEFAULT CHARSET=utf8mb4 COLLATE=utf8mb4_unicode_ci;

--
-- Dumping data for table `users`
--

INSERT INTO `users` (`id`, `name`, `email`, `email_verified_at`, `password`, `remember_token`, `created_at`, `updated_at`) VALUES
(1, 'masud', 'localhost@gmail.com', NULL, '$2y$10$lkxKPDUy98VxF3ITbLTQ4e7rWPVk5/L7UtTIEzNKU2BKnVLQRAqhO', 'exoRPbPn6eHmLXWdI2xh4TQegk6aPur1er6Dtljv6G0ivV4EYKhS5Dc3QQTb', '2018-11-24 05:52:36', '2018-11-24 05:52:36');

--
-- Indexes for dumped tables
--

--
-- Indexes for table `blogs`
--
ALTER TABLE `blogs`
  ADD PRIMARY KEY (`id`);

--
-- Indexes for table `categories`
--
ALTER TABLE `categories`
  ADD PRIMARY KEY (`id`);

--
-- Indexes for table `comments`
--
ALTER TABLE `comments`
  ADD PRIMARY KEY (`comments_id`);

--
-- Indexes for table `login`
--
ALTER TABLE `login`
  ADD PRIMARY KEY (`id`);

--
-- Indexes for table `migrations`
--
ALTER TABLE `migrations`
  ADD PRIMARY KEY (`id`);

--
-- Indexes for table `password_resets`
--
ALTER TABLE `password_resets`
  ADD KEY `password_resets_email_index` (`email`);

--
-- Indexes for table `register`
--
ALTER TABLE `register`
  ADD PRIMARY KEY (`id`);

--
-- Indexes for table `users`
--
ALTER TABLE `users`
  ADD PRIMARY KEY (`id`),
  ADD UNIQUE KEY `users_email_unique` (`email`);

--
-- AUTO_INCREMENT for dumped tables
--

--
-- AUTO_INCREMENT for table `blogs`
--
ALTER TABLE `blogs`
  MODIFY `id` int(10) UNSIGNED NOT NULL AUTO_INCREMENT, AUTO_INCREMENT=9;

--
-- AUTO_INCREMENT for table `categories`
--
ALTER TABLE `categories`
  MODIFY `id` int(10) UNSIGNED NOT NULL AUTO_INCREMENT, AUTO_INCREMENT=23;

--
-- AUTO_INCREMENT for table `comments`
--
ALTER TABLE `comments`
  MODIFY `comments_id` int(10) UNSIGNED NOT NULL AUTO_INCREMENT, AUTO_INCREMENT=26;

--
-- AUTO_INCREMENT for table `login`
--
ALTER TABLE `login`
  MODIFY `id` int(10) UNSIGNED NOT NULL AUTO_INCREMENT;

--
-- AUTO_INCREMENT for table `migrations`
--
ALTER TABLE `migrations`
  MODIFY `id` int(10) UNSIGNED NOT NULL AUTO_INCREMENT, AUTO_INCREMENT=10;

--
-- AUTO_INCREMENT for table `register`
--
ALTER TABLE `register`
  MODIFY `id` int(10) UNSIGNED NOT NULL AUTO_INCREMENT, AUTO_INCREMENT=15;

--
-- AUTO_INCREMENT for table `users`
--
ALTER TABLE `users`
  MODIFY `id` int(10) UNSIGNED NOT NULL AUTO_INCREMENT, AUTO_INCREMENT=2;
COMMIT;

/*!40101 SET CHARACTER_SET_CLIENT=@OLD_CHARACTER_SET_CLIENT */;
/*!40101 SET CHARACTER_SET_RESULTS=@OLD_CHARACTER_SET_RESULTS */;
/*!40101 SET COLLATION_CONNECTION=@OLD_COLLATION_CONNECTION */;
